admin,11917c5742f89c5c44403b7318c903601cc71d0f1b3ff1868e41dfc08e69a1c1,Administrator,1,1,0,0,2012-11-04 00:00:00.000000,system,2012-11-04 00:00:00.000000,system
user,11917c5742f89c5c44403b7318c903601cc71d0f1b3ff1868e41dfc08e69a1c1,User,1,1,0,0,2012-11-04 00:00:00.000000,system,2012-11-04 00:00:00.000000,system
user0001,|11917c5742f89c5c44403b7318c903601cc71d0f1b3ff1868e41dfc08e69a1c1,User,1,1,0,0,2012-11-04 00:00:00.000000,system,2012-11-04 00:00:00.000000,system
user0002,|11917c5742f89c5c44403b7318c903601cc71d0f1b3ff1868e41dfc08e69a1c1,User,2,2,0,0,2012-11-04 00:00:00.000000,system,2012-11-04 00:00:00.000000,system
user0003,|11917c5742f89c5c44403b7318c903601cc71d0f1b3ff1868e41dfc08e69a1c1,User,3,1,0,0,2012-11-04 00:00:00.000000,system,2012-11-04 00:00:00.000000,system
user0004,|11917c5742f89c5c44403b7318c903601cc71d0f1b3ff1868e41dfc08e69a1c1,User,4,2,0,0,2012-11-04 00:00:00.000000,system,2012-11-04 00:00:00.000000,system
user0005,|11917c5742f89c5c44403b7318c903601cc71d0f1b3ff1868e41dfc08e69a1c1,User,5,1,0,0,2012-11-04 00:00:00.000000,system,2012-11-04 00:00:00.000000,system
user0006,|11917c5742f89c5c44403b7318c903601cc71d0f1b3ff1868e41dfc08e69a1c1,User,6,2,0,0,2012-11-04 00:00:00.000000,system,2012-11-04 00:00:00.000000,system
user0007,|11917c5742f89c5c44403b7318c903601cc71d0f1b3ff1868e41dfc08e69a1c1,User,7,1,0,0,2012-11-04 00:00:00.000000,system,2012-11-04 00:00:00.000000,system
user0008,|11917c5742f89c5c44403b7318c903601cc71d0f1b3ff1868e41dfc08e69a1c1,User,8,2,0,0,2012-11-04 00:00:00.000000,system,2012-11-04 00:00:00.000000,system
user0009,|11917c5742f89c5c44403b7318c903601cc71d0f1b3ff1868e41dfc08e69a1c1,User,9,1,0,0,2012-11-04 00:00:00.000000,system,2012-11-04 00:00:00.000000,system
user0010,|11917c5742f89c5c44403b7318c903601cc71d0f1b3ff1868e41dfc08e69a1c1,User,10,2,0,0,2012-11-04 00:00:00.000000,system,2012-11-04 00:00:00.000000,system
user0011,|11917c5742f89c5c44403b7318c903601cc71d0f1b3ff1868e41dfc08e69a1c1,User,11,1,0,0,2012-11-04 00:00:00.000000,system,2012-11-04 00:00:00.000000,system
user0012,|11917c5742f89c5c44403b7318c903601cc71d0f1b3ff1868e41dfc08e69a1c1,User,12,2,0,0,2012-11-04 00:00:00.000000,system,2012-11-04 00:00:00.000000,system
user0013,|11917c5742f89c5c44403b7318c903601cc71d0f1b3ff1868e41dfc08e69a1c1,User,13,1,0,0,2012-11-04 00:00:00.000000,system,2012-11-04 00:00:00.000000,system
user0014,|11917c5742f89c5c44403b7318c903601cc71d0f1b3ff1868e41dfc08e69a1c1,User,14,2,0,0,2012-11-04 00:00:00.000000,system,2012-11-04 00:00:00.000000,system
user0015,|11917c5742f89c5c44403b7318c903601cc71d0f1b3ff1868e41dfc08e69a1c1,User,15,1,0,0,2012-11-04 00:00:00.000000,system,2012-11-04 00:00:00.000000,system
user0016,|11917c5742f89c5c44403b7318c903601cc71d0f1b3ff1868e41dfc08e69a1c1,User,16,2,0,0,2012-11-04 00:00:00.000000,system,2012-11-04 00:00:00.000000,system
user0017,|11917c5742f89c5c44403b7318c903601cc71d0f1b3ff1868e41dfc08e69a1c1,User,17,1,0,0,2012-11-04 00:00:00.000000,system,2012-11-04 00:00:00.000000,system
user0018,|11917c5742f89c5c44403b7318c903601cc71d0f1b3ff1868e41dfc08e69a1c1,User,18,2,0,0,2012-11-04 00:00:00.000000,system,2012-11-04 00:00:00.000000,system
user0019,|11917c5742f89c5c44403b7318c903601cc71d0f1b3ff1868e41dfc08e69a1c1,User,19,1,0,0,2012-11-04 00:00:00.000000,system,2012-11-04 00:00:00.000000,system
user0020,|11917c5742f89c5c44403b7318c903601cc71d0f1b3ff1868e41dfc08e69a1c1,User,20,2,0,0,2012-11-04 00:00:00.000000,system,2012-11-04 00:00:00.000000,system
user0021,|11917c5742f89c5c44403b7318c903601cc71d0f1b3ff1868e41dfc08e69a1c1,User,21,1,0,0,2012-11-04 00:00:00.000000,system,2012-11-04 00:00:00.000000,system
user0022,|11917c5742f89c5c44403b7318c903601cc71d0f1b3ff1868e41dfc08e69a1c1,User,22,2,0,0,2012-11-04 00:00:00.000000,system,2012-11-04 00:00:00.000000,system
user0023,|11917c5742f89c5c44403b7318c903601cc71d0f1b3ff1868e41dfc08e69a1c1,User,23,1,0,0,2012-11-04 00:00:00.000000,system,2012-11-04 00:00:00.000000,system
user0024,|11917c5742f89c5c44403b7318c903601cc71d0f1b3ff1868e41dfc08e69a1c1,User,24,2,0,0,2012-11-04 00:00:00.000000,system,2012-11-04 00:00:00.000000,system
user0025,|11917c5742f89c5c44403b7318c903601cc71d0f1b3ff1868e41dfc08e69a1c1,User,25,1,0,0,2012-11-04 00:00:00.000000,system,2012-11-04 00:00:00.000000,system
user0026,|11917c5742f89c5c44403b7318c903601cc71d0f1b3ff1868e41dfc08e69a1c1,User,26,2,0,0,2012-11-04 00:00:00.000000,system,2012-11-04 00:00:00.000000,system
user0027,|11917c5742f89c5c44403b7318c903601cc71d0f1b3ff1868e41dfc08e69a1c1,User,27,1,0,0,2012-11-04 00:00:00.000000,system,2012-11-04 00:00:00.000000,system
user0028,|11917c5742f89c5c44403b7318c903601cc71d0f1b3ff1868e41dfc08e69a1c1,User,28,2,0,0,2012-11-04 00:00:00.000000,system,2012-11-04 00:00:00.000000,system
user0029,|11917c5742f89c5c44403b7318c903601cc71d0f1b3ff1868e41dfc08e69a1c1,User,29,1,0,0,2012-11-04 00:00:00.000000,system,2012-11-04 00:00:00.000000,system
user0030,|11917c5742f89c5c44403b7318c903601cc71d0f1b3ff1868e41dfc08e69a1c1,User,30,2,0,0,2012-11-04 00:00:00.000000,system,2012-11-04 00:00:00.000000,system
user0031,|11917c5742f89c5c44403b7318c903601cc71d0f1b3ff1868e41dfc08e69a1c1,User,31,1,0,0,2012-11-04 00:00:00.000000,system,2012-11-04 00:00:00.000000,system
user0032,|11917c5742f89c5c44403b7318c903601cc71d0f1b3ff1868e41dfc08e69a1c1,User,32,2,0,0,2012-11-04 00:00:00.000000,system,2012-11-04 00:00:00.000000,system
user0033,|11917c5742f89c5c44403b7318c903601cc71d0f1b3ff1868e41dfc08e69a1c1,User,33,1,0,0,2012-11-04 00:00:00.000000,system,2012-11-04 00:00:00.000000,system
user0034,|11917c5742f89c5c44403b7318c903601cc71d0f1b3ff1868e41dfc08e69a1c1,User,34,2,0,0,2012-11-04 00:00:00.000000,system,2012-11-04 00:00:00.000000,system
user0035,|11917c5742f89c5c44403b7318c903601cc71d0f1b3ff1868e41dfc08e69a1c1,User,35,1,0,0,2012-11-04 00:00:00.000000,system,2012-11-04 00:00:00.000000,system
user0036,|11917c5742f89c5c44403b7318c903601cc71d0f1b3ff1868e41dfc08e69a1c1,User,36,2,0,0,2012-11-04 00:00:00.000000,system,2012-11-04 00:00:00.000000,system
user0037,|11917c5742f89c5c44403b7318c903601cc71d0f1b3ff1868e41dfc08e69a1c1,User,37,1,0,0,2012-11-04 00:00:00.000000,system,2012-11-04 00:00:00.000000,system
user0038,|11917c5742f89c5c44403b7318c903601cc71d0f1b3ff1868e41dfc08e69a1c1,User,38,2,0,0,2012-11-04 00:00:00.000000,system,2012-11-04 00:00:00.000000,system
user0039,|11917c5742f89c5c44403b7318c903601cc71d0f1b3ff1868e41dfc08e69a1c1,User,39,1,0,0,2012-11-04 00:00:00.000000,system,2012-11-04 00:00:00.000000,system
user0040,|11917c5742f89c5c44403b7318c903601cc71d0f1b3ff1868e41dfc08e69a1c1,User,40,2,0,0,2012-11-04 00:00:00.000000,system,2012-11-04 00:00:00.000000,system
user0041,|11917c5742f89c5c44403b7318c903601cc71d0f1b3ff1868e41dfc08e69a1c1,User,41,1,0,0,2012-11-04 00:00:00.000000,system,2012-11-04 00:00:00.000000,system
user0042,|11917c5742f89c5c44403b7318c903601cc71d0f1b3ff1868e41dfc08e69a1c1,User,42,2,0,0,2012-11-04 00:00:00.000000,system,2012-11-04 00:00:00.000000,system
user0043,|11917c5742f89c5c44403b7318c903601cc71d0f1b3ff1868e41dfc08e69a1c1,User,43,1,0,0,2012-11-04 00:00:00.000000,system,2012-11-04 00:00:00.000000,system
user0044,|11917c5742f89c5c44403b7318c903601cc71d0f1b3ff1868e41dfc08e69a1c1,User,44,2,0,0,2012-11-04 00:00:00.000000,system,2012-11-04 00:00:00.000000,system
user0045,|11917c5742f89c5c44403b7318c903601cc71d0f1b3ff1868e41dfc08e69a1c1,User,45,1,0,0,2012-11-04 00:00:00.000000,system,2012-11-04 00:00:00.000000,system
user0046,|11917c5742f89c5c44403b7318c903601cc71d0f1b3ff1868e41dfc08e69a1c1,User,46,2,0,0,2012-11-04 00:00:00.000000,system,2012-11-04 00:00:00.000000,system
user0047,|11917c5742f89c5c44403b7318c903601cc71d0f1b3ff1868e41dfc08e69a1c1,User,47,1,0,0,2012-11-04 00:00:00.000000,system,2012-11-04 00:00:00.000000,system
user0048,|11917c5742f89c5c44403b7318c903601cc71d0f1b3ff1868e41dfc08e69a1c1,User,48,2,0,0,2012-11-04 00:00:00.000000,system,2012-11-04 00:00:00.000000,system
user0049,|11917c5742f89c5c44403b7318c903601cc71d0f1b3ff1868e41dfc08e69a1c1,User,49,1,0,0,2012-11-04 00:00:00.000000,system,2012-11-04 00:00:00.000000,system
user0050,|11917c5742f89c5c44403b7318c903601cc71d0f1b3ff1868e41dfc08e69a1c1,User,50,2,0,0,2012-11-04 00:00:00.000000,system,2012-11-04 00:00:00.000000,system
user0051,|11917c5742f89c5c44403b7318c903601cc71d0f1b3ff1868e41dfc08e69a1c1,User,51,1,0,0,2012-11-04 00:00:00.000000,system,2012-11-04 00:00:00.000000,system
user0052,|11917c5742f89c5c44403b7318c903601cc71d0f1b3ff1868e41dfc08e69a1c1,User,52,2,0,0,2012-11-04 00:00:00.000000,system,2012-11-04 00:00:00.000000,system
user0053,|11917c5742f89c5c44403b7318c903601cc71d0f1b3ff1868e41dfc08e69a1c1,User,53,1,0,0,2012-11-04 00:00:00.000000,system,2012-11-04 00:00:00.000000,system
user0054,|11917c5742f89c5c44403b7318c903601cc71d0f1b3ff1868e41dfc08e69a1c1,User,54,2,0,0,2012-11-04 00:00:00.000000,system,2012-11-04 00:00:00.000000,system
user0055,|11917c5742f89c5c44403b7318c903601cc71d0f1b3ff1868e41dfc08e69a1c1,User,55,1,0,0,2012-11-04 00:00:00.000000,system,2012-11-04 00:00:00.000000,system
user0056,|11917c5742f89c5c44403b7318c903601cc71d0f1b3ff1868e41dfc08e69a1c1,User,56,2,0,0,2012-11-04 00:00:00.000000,system,2012-11-04 00:00:00.000000,system
user0057,|11917c5742f89c5c44403b7318c903601cc71d0f1b3ff1868e41dfc08e69a1c1,User,57,1,0,0,2012-11-04 00:00:00.000000,system,2012-11-04 00:00:00.000000,system
user0058,|11917c5742f89c5c44403b7318c903601cc71d0f1b3ff1868e41dfc08e69a1c1,User,58,2,0,0,2012-11-04 00:00:00.000000,system,2012-11-04 00:00:00.000000,system
user0059,|11917c5742f89c5c44403b7318c903601cc71d0f1b3ff1868e41dfc08e69a1c1,User,59,1,0,0,2012-11-04 00:00:00.000000,system,2012-11-04 00:00:00.000000,system
user0060,|11917c5742f89c5c44403b7318c903601cc71d0f1b3ff1868e41dfc08e69a1c1,User,60,2,0,0,2012-11-04 00:00:00.000000,system,2012-11-04 00:00:00.000000,system
user0061,|11917c5742f89c5c44403b7318c903601cc71d0f1b3ff1868e41dfc08e69a1c1,User,61,1,0,0,2012-11-04 00:00:00.000000,system,2012-11-04 00:00:00.000000,system
user0062,|11917c5742f89c5c44403b7318c903601cc71d0f1b3ff1868e41dfc08e69a1c1,User,62,2,0,0,2012-11-04 00:00:00.000000,system,2012-11-04 00:00:00.000000,system
user0063,|11917c5742f89c5c44403b7318c903601cc71d0f1b3ff1868e41dfc08e69a1c1,User,63,1,0,0,2012-11-04 00:00:00.000000,system,2012-11-04 00:00:00.000000,system
user0064,|11917c5742f89c5c44403b7318c903601cc71d0f1b3ff1868e41dfc08e69a1c1,User,64,2,0,0,2012-11-04 00:00:00.000000,system,2012-11-04 00:00:00.000000,system
user0065,|11917c5742f89c5c44403b7318c903601cc71d0f1b3ff1868e41dfc08e69a1c1,User,65,1,0,0,2012-11-04 00:00:00.000000,system,2012-11-04 00:00:00.000000,system
user0066,|11917c5742f89c5c44403b7318c903601cc71d0f1b3ff1868e41dfc08e69a1c1,User,66,2,0,0,2012-11-04 00:00:00.000000,system,2012-11-04 00:00:00.000000,system
user0067,|11917c5742f89c5c44403b7318c903601cc71d0f1b3ff1868e41dfc08e69a1c1,User,67,1,0,0,2012-11-04 00:00:00.000000,system,2012-11-04 00:00:00.000000,system
user0068,|11917c5742f89c5c44403b7318c903601cc71d0f1b3ff1868e41dfc08e69a1c1,User,68,2,0,0,2012-11-04 00:00:00.000000,system,2012-11-04 00:00:00.000000,system
user0069,|11917c5742f89c5c44403b7318c903601cc71d0f1b3ff1868e41dfc08e69a1c1,User,69,1,0,0,2012-11-04 00:00:00.000000,system,2012-11-04 00:00:00.000000,system
user0070,|11917c5742f89c5c44403b7318c903601cc71d0f1b3ff1868e41dfc08e69a1c1,User,70,2,0,0,2012-11-04 00:00:00.000000,system,2012-11-04 00:00:00.000000,system
user0071,|11917c5742f89c5c44403b7318c903601cc71d0f1b3ff1868e41dfc08e69a1c1,User,71,1,0,0,2012-11-04 00:00:00.000000,system,2012-11-04 00:00:00.000000,system
user0072,|11917c5742f89c5c44403b7318c903601cc71d0f1b3ff1868e41dfc08e69a1c1,User,72,2,0,0,2012-11-04 00:00:00.000000,system,2012-11-04 00:00:00.000000,system
user0073,|11917c5742f89c5c44403b7318c903601cc71d0f1b3ff1868e41dfc08e69a1c1,User,73,1,0,0,2012-11-04 00:00:00.000000,system,2012-11-04 00:00:00.000000,system
user0074,|11917c5742f89c5c44403b7318c903601cc71d0f1b3ff1868e41dfc08e69a1c1,User,74,2,0,0,2012-11-04 00:00:00.000000,system,2012-11-04 00:00:00.000000,system
user0075,|11917c5742f89c5c44403b7318c903601cc71d0f1b3ff1868e41dfc08e69a1c1,User,75,1,0,0,2012-11-04 00:00:00.000000,system,2012-11-04 00:00:00.000000,system
user0076,|11917c5742f89c5c44403b7318c903601cc71d0f1b3ff1868e41dfc08e69a1c1,User,76,2,0,0,2012-11-04 00:00:00.000000,system,2012-11-04 00:00:00.000000,system
user0077,|11917c5742f89c5c44403b7318c903601cc71d0f1b3ff1868e41dfc08e69a1c1,User,77,1,0,0,2012-11-04 00:00:00.000000,system,2012-11-04 00:00:00.000000,system
user0078,|11917c5742f89c5c44403b7318c903601cc71d0f1b3ff1868e41dfc08e69a1c1,User,78,2,0,0,2012-11-04 00:00:00.000000,system,2012-11-04 00:00:00.000000,system
user0079,|11917c5742f89c5c44403b7318c903601cc71d0f1b3ff1868e41dfc08e69a1c1,User,79,1,0,0,2012-11-04 00:00:00.000000,system,2012-11-04 00:00:00.000000,system
user0080,|11917c5742f89c5c44403b7318c903601cc71d0f1b3ff1868e41dfc08e69a1c1,User,80,2,0,0,2012-11-04 00:00:00.000000,system,2012-11-04 00:00:00.000000,system
user0081,|11917c5742f89c5c44403b7318c903601cc71d0f1b3ff1868e41dfc08e69a1c1,User,81,1,0,0,2012-11-04 00:00:00.000000,system,2012-11-04 00:00:00.000000,system
user0082,|11917c5742f89c5c44403b7318c903601cc71d0f1b3ff1868e41dfc08e69a1c1,User,82,2,0,0,2012-11-04 00:00:00.000000,system,2012-11-04 00:00:00.000000,system
user0083,|11917c5742f89c5c44403b7318c903601cc71d0f1b3ff1868e41dfc08e69a1c1,User,83,1,0,0,2012-11-04 00:00:00.000000,system,2012-11-04 00:00:00.000000,system
user0084,|11917c5742f89c5c44403b7318c903601cc71d0f1b3ff1868e41dfc08e69a1c1,User,84,2,0,0,2012-11-04 00:00:00.000000,system,2012-11-04 00:00:00.000000,system
user0085,|11917c5742f89c5c44403b7318c903601cc71d0f1b3ff1868e41dfc08e69a1c1,User,85,1,0,0,2012-11-04 00:00:00.000000,system,2012-11-04 00:00:00.000000,system
user0086,|11917c5742f89c5c44403b7318c903601cc71d0f1b3ff1868e41dfc08e69a1c1,User,86,2,0,0,2012-11-04 00:00:00.000000,system,2012-11-04 00:00:00.000000,system
user0087,|11917c5742f89c5c44403b7318c903601cc71d0f1b3ff1868e41dfc08e69a1c1,User,87,1,0,0,2012-11-04 00:00:00.000000,system,2012-11-04 00:00:00.000000,system
user0088,|11917c5742f89c5c44403b7318c903601cc71d0f1b3ff1868e41dfc08e69a1c1,User,88,2,0,0,2012-11-04 00:00:00.000000,system,2012-11-04 00:00:00.000000,system
user0089,|11917c5742f89c5c44403b7318c903601cc71d0f1b3ff1868e41dfc08e69a1c1,User,89,1,0,0,2012-11-04 00:00:00.000000,system,2012-11-04 00:00:00.000000,system
user0090,|11917c5742f89c5c44403b7318c903601cc71d0f1b3ff1868e41dfc08e69a1c1,User,90,2,0,0,2012-11-04 00:00:00.000000,system,2012-11-04 00:00:00.000000,system
user0091,|11917c5742f89c5c44403b7318c903601cc71d0f1b3ff1868e41dfc08e69a1c1,User,91,1,0,0,2012-11-04 00:00:00.000000,system,2012-11-04 00:00:00.000000,system
user0092,|11917c5742f89c5c44403b7318c903601cc71d0f1b3ff1868e41dfc08e69a1c1,User,92,2,0,0,2012-11-04 00:00:00.000000,system,2012-11-04 00:00:00.000000,system
user0093,|11917c5742f89c5c44403b7318c903601cc71d0f1b3ff1868e41dfc08e69a1c1,User,93,1,0,0,2012-11-04 00:00:00.000000,system,2012-11-04 00:00:00.000000,system
user0094,|11917c5742f89c5c44403b7318c903601cc71d0f1b3ff1868e41dfc08e69a1c1,User,94,2,0,0,2012-11-04 00:00:00.000000,system,2012-11-04 00:00:00.000000,system
user0095,|11917c5742f89c5c44403b7318c903601cc71d0f1b3ff1868e41dfc08e69a1c1,User,95,1,0,0,2012-11-04 00:00:00.000000,system,2012-11-04 00:00:00.000000,system
user0096,|11917c5742f89c5c44403b7318c903601cc71d0f1b3ff1868e41dfc08e69a1c1,User,96,2,0,0,2012-11-04 00:00:00.000000,system,2012-11-04 00:00:00.000000,system
user0097,|11917c5742f89c5c44403b7318c903601cc71d0f1b3ff1868e41dfc08e69a1c1,User,97,1,0,0,2012-11-04 00:00:00.000000,system,2012-11-04 00:00:00.000000,system
user0098,|11917c5742f89c5c44403b7318c903601cc71d0f1b3ff1868e41dfc08e69a1c1,User,98,2,0,0,2012-11-04 00:00:00.000000,system,2012-11-04 00:00:00.000000,system
user0099,|11917c5742f89c5c44403b7318c903601cc71d0f1b3ff1868e41dfc08e69a1c1,User,99,1,0,0,2012-11-04 00:00:00.000000,system,2012-11-04 00:00:00.000000,system
user0100,|11917c5742f89c5c44403b7318c903601cc71d0f1b3ff1868e41dfc08e69a1c1,User,100,2,0,0,2012-11-04 00:00:00.000000,system,2012-11-04 00:00:00.000000,system
user0101,|11917c5742f89c5c44403b7318c903601cc71d0f1b3ff1868e41dfc08e69a1c1,User,101,1,0,0,2012-11-04 00:00:00.000000,system,2012-11-04 00:00:00.000000,system
user0102,|11917c5742f89c5c44403b7318c903601cc71d0f1b3ff1868e41dfc08e69a1c1,User,102,2,0,0,2012-11-04 00:00:00.000000,system,2012-11-04 00:00:00.000000,system
user0103,|11917c5742f89c5c44403b7318c903601cc71d0f1b3ff1868e41dfc08e69a1c1,User,103,1,0,0,2012-11-04 00:00:00.000000,system,2012-11-04 00:00:00.000000,system
user0104,|11917c5742f89c5c44403b7318c903601cc71d0f1b3ff1868e41dfc08e69a1c1,User,104,2,0,0,2012-11-04 00:00:00.000000,system,2012-11-04 00:00:00.000000,system
user0105,|11917c5742f89c5c44403b7318c903601cc71d0f1b3ff1868e41dfc08e69a1c1,User,105,1,0,0,2012-11-04 00:00:00.000000,system,2012-11-04 00:00:00.000000,system
user0106,|11917c5742f89c5c44403b7318c903601cc71d0f1b3ff1868e41dfc08e69a1c1,User,106,2,0,0,2012-11-04 00:00:00.000000,system,2012-11-04 00:00:00.000000,system
user0107,|11917c5742f89c5c44403b7318c903601cc71d0f1b3ff1868e41dfc08e69a1c1,User,107,1,0,0,2012-11-04 00:00:00.000000,system,2012-11-04 00:00:00.000000,system
user0108,|11917c5742f89c5c44403b7318c903601cc71d0f1b3ff1868e41dfc08e69a1c1,User,108,2,0,0,2012-11-04 00:00:00.000000,system,2012-11-04 00:00:00.000000,system
user0109,|11917c5742f89c5c44403b7318c903601cc71d0f1b3ff1868e41dfc08e69a1c1,User,109,1,0,0,2012-11-04 00:00:00.000000,system,2012-11-04 00:00:00.000000,system
user0110,|11917c5742f89c5c44403b7318c903601cc71d0f1b3ff1868e41dfc08e69a1c1,User,110,2,0,0,2012-11-04 00:00:00.000000,system,2012-11-04 00:00:00.000000,system
user0111,|11917c5742f89c5c44403b7318c903601cc71d0f1b3ff1868e41dfc08e69a1c1,User,111,1,0,0,2012-11-04 00:00:00.000000,system,2012-11-04 00:00:00.000000,system
user0112,|11917c5742f89c5c44403b7318c903601cc71d0f1b3ff1868e41dfc08e69a1c1,User,112,2,0,0,2012-11-04 00:00:00.000000,system,2012-11-04 00:00:00.000000,system
user0113,|11917c5742f89c5c44403b7318c903601cc71d0f1b3ff1868e41dfc08e69a1c1,User,113,1,0,0,2012-11-04 00:00:00.000000,system,2012-11-04 00:00:00.000000,system
user0114,|11917c5742f89c5c44403b7318c903601cc71d0f1b3ff1868e41dfc08e69a1c1,User,114,2,0,0,2012-11-04 00:00:00.000000,system,2012-11-04 00:00:00.000000,system
user0115,|11917c5742f89c5c44403b7318c903601cc71d0f1b3ff1868e41dfc08e69a1c1,User,115,1,0,0,2012-11-04 00:00:00.000000,system,2012-11-04 00:00:00.000000,system
user0116,|11917c5742f89c5c44403b7318c903601cc71d0f1b3ff1868e41dfc08e69a1c1,User,116,2,0,0,2012-11-04 00:00:00.000000,system,2012-11-04 00:00:00.000000,system
user0117,|11917c5742f89c5c44403b7318c903601cc71d0f1b3ff1868e41dfc08e69a1c1,User,117,1,0,0,2012-11-04 00:00:00.000000,system,2012-11-04 00:00:00.000000,system
user0118,|11917c5742f89c5c44403b7318c903601cc71d0f1b3ff1868e41dfc08e69a1c1,User,118,2,0,0,2012-11-04 00:00:00.000000,system,2012-11-04 00:00:00.000000,system
user0119,|11917c5742f89c5c44403b7318c903601cc71d0f1b3ff1868e41dfc08e69a1c1,User,119,1,0,0,2012-11-04 00:00:00.000000,system,2012-11-04 00:00:00.000000,system
user0120,|11917c5742f89c5c44403b7318c903601cc71d0f1b3ff1868e41dfc08e69a1c1,User,120,2,0,0,2012-11-04 00:00:00.000000,system,2012-11-04 00:00:00.000000,system
user0121,|11917c5742f89c5c44403b7318c903601cc71d0f1b3ff1868e41dfc08e69a1c1,User,121,1,0,0,2012-11-04 00:00:00.000000,system,2012-11-04 00:00:00.000000,system
user0122,|11917c5742f89c5c44403b7318c903601cc71d0f1b3ff1868e41dfc08e69a1c1,User,122,2,0,0,2012-11-04 00:00:00.000000,system,2012-11-04 00:00:00.000000,system
user0123,|11917c5742f89c5c44403b7318c903601cc71d0f1b3ff1868e41dfc08e69a1c1,User,123,1,0,0,2012-11-04 00:00:00.000000,system,2012-11-04 00:00:00.000000,system
user0124,|11917c5742f89c5c44403b7318c903601cc71d0f1b3ff1868e41dfc08e69a1c1,User,124,2,0,0,2012-11-04 00:00:00.000000,system,2012-11-04 00:00:00.000000,system
user0125,|11917c5742f89c5c44403b7318c903601cc71d0f1b3ff1868e41dfc08e69a1c1,User,125,1,0,0,2012-11-04 00:00:00.000000,system,2012-11-04 00:00:00.000000,system
user0126,|11917c5742f89c5c44403b7318c903601cc71d0f1b3ff1868e41dfc08e69a1c1,User,126,2,0,0,2012-11-04 00:00:00.000000,system,2012-11-04 00:00:00.000000,system
user0127,|11917c5742f89c5c44403b7318c903601cc71d0f1b3ff1868e41dfc08e69a1c1,User,127,1,0,0,2012-11-04 00:00:00.000000,system,2012-11-04 00:00:00.000000,system
user0128,|11917c5742f89c5c44403b7318c903601cc71d0f1b3ff1868e41dfc08e69a1c1,User,128,2,0,0,2012-11-04 00:00:00.000000,system,2012-11-04 00:00:00.000000,system
user0129,|11917c5742f89c5c44403b7318c903601cc71d0f1b3ff1868e41dfc08e69a1c1,User,129,1,0,0,2012-11-04 00:00:00.000000,system,2012-11-04 00:00:00.000000,system
user0130,|11917c5742f89c5c44403b7318c903601cc71d0f1b3ff1868e41dfc08e69a1c1,User,130,2,0,0,2012-11-04 00:00:00.000000,system,2012-11-04 00:00:00.000000,system
user0131,|11917c5742f89c5c44403b7318c903601cc71d0f1b3ff1868e41dfc08e69a1c1,User,131,1,0,0,2012-11-04 00:00:00.000000,system,2012-11-04 00:00:00.000000,system
user0132,|11917c5742f89c5c44403b7318c903601cc71d0f1b3ff1868e41dfc08e69a1c1,User,132,2,0,0,2012-11-04 00:00:00.000000,system,2012-11-04 00:00:00.000000,system
user0133,|11917c5742f89c5c44403b7318c903601cc71d0f1b3ff1868e41dfc08e69a1c1,User,133,1,0,0,2012-11-04 00:00:00.000000,system,2012-11-04 00:00:00.000000,system
user0134,|11917c5742f89c5c44403b7318c903601cc71d0f1b3ff1868e41dfc08e69a1c1,User,134,2,0,0,2012-11-04 00:00:00.000000,system,2012-11-04 00:00:00.000000,system
user0135,|11917c5742f89c5c44403b7318c903601cc71d0f1b3ff1868e41dfc08e69a1c1,User,135,1,0,0,2012-11-04 00:00:00.000000,system,2012-11-04 00:00:00.000000,system
user0136,|11917c5742f89c5c44403b7318c903601cc71d0f1b3ff1868e41dfc08e69a1c1,User,136,2,0,0,2012-11-04 00:00:00.000000,system,2012-11-04 00:00:00.000000,system
user0137,|11917c5742f89c5c44403b7318c903601cc71d0f1b3ff1868e41dfc08e69a1c1,User,137,1,0,0,2012-11-04 00:00:00.000000,system,2012-11-04 00:00:00.000000,system
user0138,|11917c5742f89c5c44403b7318c903601cc71d0f1b3ff1868e41dfc08e69a1c1,User,138,2,0,0,2012-11-04 00:00:00.000000,system,2012-11-04 00:00:00.000000,system
user0139,|11917c5742f89c5c44403b7318c903601cc71d0f1b3ff1868e41dfc08e69a1c1,User,139,1,0,0,2012-11-04 00:00:00.000000,system,2012-11-04 00:00:00.000000,system
user0140,|11917c5742f89c5c44403b7318c903601cc71d0f1b3ff1868e41dfc08e69a1c1,User,140,2,0,0,2012-11-04 00:00:00.000000,system,2012-11-04 00:00:00.000000,system
user0141,|11917c5742f89c5c44403b7318c903601cc71d0f1b3ff1868e41dfc08e69a1c1,User,141,1,0,0,2012-11-04 00:00:00.000000,system,2012-11-04 00:00:00.000000,system
user0142,|11917c5742f89c5c44403b7318c903601cc71d0f1b3ff1868e41dfc08e69a1c1,User,142,2,0,0,2012-11-04 00:00:00.000000,system,2012-11-04 00:00:00.000000,system
user0143,|11917c5742f89c5c44403b7318c903601cc71d0f1b3ff1868e41dfc08e69a1c1,User,143,1,0,0,2012-11-04 00:00:00.000000,system,2012-11-04 00:00:00.000000,system
user0144,|11917c5742f89c5c44403b7318c903601cc71d0f1b3ff1868e41dfc08e69a1c1,User,144,2,0,0,2012-11-04 00:00:00.000000,system,2012-11-04 00:00:00.000000,system
user0145,|11917c5742f89c5c44403b7318c903601cc71d0f1b3ff1868e41dfc08e69a1c1,User,145,1,0,0,2012-11-04 00:00:00.000000,system,2012-11-04 00:00:00.000000,system
user0146,|11917c5742f89c5c44403b7318c903601cc71d0f1b3ff1868e41dfc08e69a1c1,User,146,2,0,0,2012-11-04 00:00:00.000000,system,2012-11-04 00:00:00.000000,system
user0147,|11917c5742f89c5c44403b7318c903601cc71d0f1b3ff1868e41dfc08e69a1c1,User,147,1,0,0,2012-11-04 00:00:00.000000,system,2012-11-04 00:00:00.000000,system
user0148,|11917c5742f89c5c44403b7318c903601cc71d0f1b3ff1868e41dfc08e69a1c1,User,148,2,0,0,2012-11-04 00:00:00.000000,system,2012-11-04 00:00:00.000000,system
user0149,|11917c5742f89c5c44403b7318c903601cc71d0f1b3ff1868e41dfc08e69a1c1,User,149,1,0,0,2012-11-04 00:00:00.000000,system,2012-11-04 00:00:00.000000,system
user0150,|11917c5742f89c5c44403b7318c903601cc71d0f1b3ff1868e41dfc08e69a1c1,User,150,2,0,0,2012-11-04 00:00:00.000000,system,2012-11-04 00:00:00.000000,system
user0151,|11917c5742f89c5c44403b7318c903601cc71d0f1b3ff1868e41dfc08e69a1c1,User,151,1,0,0,2012-11-04 00:00:00.000000,system,2012-11-04 00:00:00.000000,system
user0152,|11917c5742f89c5c44403b7318c903601cc71d0f1b3ff1868e41dfc08e69a1c1,User,152,2,0,0,2012-11-04 00:00:00.000000,system,2012-11-04 00:00:00.000000,system
user0153,|11917c5742f89c5c44403b7318c903601cc71d0f1b3ff1868e41dfc08e69a1c1,User,153,1,0,0,2012-11-04 00:00:00.000000,system,2012-11-04 00:00:00.000000,system
user0154,|11917c5742f89c5c44403b7318c903601cc71d0f1b3ff1868e41dfc08e69a1c1,User,154,2,0,0,2012-11-04 00:00:00.000000,system,2012-11-04 00:00:00.000000,system
user0155,|11917c5742f89c5c44403b7318c903601cc71d0f1b3ff1868e41dfc08e69a1c1,User,155,1,0,0,2012-11-04 00:00:00.000000,system,2012-11-04 00:00:00.000000,system
user0156,|11917c5742f89c5c44403b7318c903601cc71d0f1b3ff1868e41dfc08e69a1c1,User,156,2,0,0,2012-11-04 00:00:00.000000,system,2012-11-04 00:00:00.000000,system
user0157,|11917c5742f89c5c44403b7318c903601cc71d0f1b3ff1868e41dfc08e69a1c1,User,157,1,0,0,2012-11-04 00:00:00.000000,system,2012-11-04 00:00:00.000000,system
user0158,|11917c5742f89c5c44403b7318c903601cc71d0f1b3ff1868e41dfc08e69a1c1,User,158,2,0,0,2012-11-04 00:00:00.000000,system,2012-11-04 00:00:00.000000,system
user0159,|11917c5742f89c5c44403b7318c903601cc71d0f1b3ff1868e41dfc08e69a1c1,User,159,1,0,0,2012-11-04 00:00:00.000000,system,2012-11-04 00:00:00.000000,system
user0160,|11917c5742f89c5c44403b7318c903601cc71d0f1b3ff1868e41dfc08e69a1c1,User,160,2,0,0,2012-11-04 00:00:00.000000,system,2012-11-04 00:00:00.000000,system
user0161,|11917c5742f89c5c44403b7318c903601cc71d0f1b3ff1868e41dfc08e69a1c1,User,161,1,0,0,2012-11-04 00:00:00.000000,system,2012-11-04 00:00:00.000000,system
user0162,|11917c5742f89c5c44403b7318c903601cc71d0f1b3ff1868e41dfc08e69a1c1,User,162,2,0,0,2012-11-04 00:00:00.000000,system,2012-11-04 00:00:00.000000,system
user0163,|11917c5742f89c5c44403b7318c903601cc71d0f1b3ff1868e41dfc08e69a1c1,User,163,1,0,0,2012-11-04 00:00:00.000000,system,2012-11-04 00:00:00.000000,system
user0164,|11917c5742f89c5c44403b7318c903601cc71d0f1b3ff1868e41dfc08e69a1c1,User,164,2,0,0,2012-11-04 00:00:00.000000,system,2012-11-04 00:00:00.000000,system
user0165,|11917c5742f89c5c44403b7318c903601cc71d0f1b3ff1868e41dfc08e69a1c1,User,165,1,0,0,2012-11-04 00:00:00.000000,system,2012-11-04 00:00:00.000000,system
user0166,|11917c5742f89c5c44403b7318c903601cc71d0f1b3ff1868e41dfc08e69a1c1,User,166,2,0,0,2012-11-04 00:00:00.000000,system,2012-11-04 00:00:00.000000,system
user0167,|11917c5742f89c5c44403b7318c903601cc71d0f1b3ff1868e41dfc08e69a1c1,User,167,1,0,0,2012-11-04 00:00:00.000000,system,2012-11-04 00:00:00.000000,system
user0168,|11917c5742f89c5c44403b7318c903601cc71d0f1b3ff1868e41dfc08e69a1c1,User,168,2,0,0,2012-11-04 00:00:00.000000,system,2012-11-04 00:00:00.000000,system
user0169,|11917c5742f89c5c44403b7318c903601cc71d0f1b3ff1868e41dfc08e69a1c1,User,169,1,0,0,2012-11-04 00:00:00.000000,system,2012-11-04 00:00:00.000000,system
user0170,|11917c5742f89c5c44403b7318c903601cc71d0f1b3ff1868e41dfc08e69a1c1,User,170,2,0,0,2012-11-04 00:00:00.000000,system,2012-11-04 00:00:00.000000,system
user0171,|11917c5742f89c5c44403b7318c903601cc71d0f1b3ff1868e41dfc08e69a1c1,User,171,1,0,0,2012-11-04 00:00:00.000000,system,2012-11-04 00:00:00.000000,system
user0172,|11917c5742f89c5c44403b7318c903601cc71d0f1b3ff1868e41dfc08e69a1c1,User,172,2,0,0,2012-11-04 00:00:00.000000,system,2012-11-04 00:00:00.000000,system
user0173,|11917c5742f89c5c44403b7318c903601cc71d0f1b3ff1868e41dfc08e69a1c1,User,173,1,0,0,2012-11-04 00:00:00.000000,system,2012-11-04 00:00:00.000000,system
user0174,|11917c5742f89c5c44403b7318c903601cc71d0f1b3ff1868e41dfc08e69a1c1,User,174,2,0,0,2012-11-04 00:00:00.000000,system,2012-11-04 00:00:00.000000,system
user0175,|11917c5742f89c5c44403b7318c903601cc71d0f1b3ff1868e41dfc08e69a1c1,User,175,1,0,0,2012-11-04 00:00:00.000000,system,2012-11-04 00:00:00.000000,system
user0176,|11917c5742f89c5c44403b7318c903601cc71d0f1b3ff1868e41dfc08e69a1c1,User,176,2,0,0,2012-11-04 00:00:00.000000,system,2012-11-04 00:00:00.000000,system
user0177,|11917c5742f89c5c44403b7318c903601cc71d0f1b3ff1868e41dfc08e69a1c1,User,177,1,0,0,2012-11-04 00:00:00.000000,system,2012-11-04 00:00:00.000000,system
user0178,|11917c5742f89c5c44403b7318c903601cc71d0f1b3ff1868e41dfc08e69a1c1,User,178,2,0,0,2012-11-04 00:00:00.000000,system,2012-11-04 00:00:00.000000,system
user0179,|11917c5742f89c5c44403b7318c903601cc71d0f1b3ff1868e41dfc08e69a1c1,User,179,1,0,0,2012-11-04 00:00:00.000000,system,2012-11-04 00:00:00.000000,system
user0180,|11917c5742f89c5c44403b7318c903601cc71d0f1b3ff1868e41dfc08e69a1c1,User,180,2,0,0,2012-11-04 00:00:00.000000,system,2012-11-04 00:00:00.000000,system
user0181,|11917c5742f89c5c44403b7318c903601cc71d0f1b3ff1868e41dfc08e69a1c1,User,181,1,0,0,2012-11-04 00:00:00.000000,system,2012-11-04 00:00:00.000000,system
user0182,|11917c5742f89c5c44403b7318c903601cc71d0f1b3ff1868e41dfc08e69a1c1,User,182,2,0,0,2012-11-04 00:00:00.000000,system,2012-11-04 00:00:00.000000,system
user0183,|11917c5742f89c5c44403b7318c903601cc71d0f1b3ff1868e41dfc08e69a1c1,User,183,1,0,0,2012-11-04 00:00:00.000000,system,2012-11-04 00:00:00.000000,system
user0184,|11917c5742f89c5c44403b7318c903601cc71d0f1b3ff1868e41dfc08e69a1c1,User,184,2,0,0,2012-11-04 00:00:00.000000,system,2012-11-04 00:00:00.000000,system
user0185,|11917c5742f89c5c44403b7318c903601cc71d0f1b3ff1868e41dfc08e69a1c1,User,185,1,0,0,2012-11-04 00:00:00.000000,system,2012-11-04 00:00:00.000000,system
user0186,|11917c5742f89c5c44403b7318c903601cc71d0f1b3ff1868e41dfc08e69a1c1,User,186,2,0,0,2012-11-04 00:00:00.000000,system,2012-11-04 00:00:00.000000,system
user0187,|11917c5742f89c5c44403b7318c903601cc71d0f1b3ff1868e41dfc08e69a1c1,User,187,1,0,0,2012-11-04 00:00:00.000000,system,2012-11-04 00:00:00.000000,system
user0188,|11917c5742f89c5c44403b7318c903601cc71d0f1b3ff1868e41dfc08e69a1c1,User,188,2,0,0,2012-11-04 00:00:00.000000,system,2012-11-04 00:00:00.000000,system
user0189,|11917c5742f89c5c44403b7318c903601cc71d0f1b3ff1868e41dfc08e69a1c1,User,189,1,0,0,2012-11-04 00:00:00.000000,system,2012-11-04 00:00:00.000000,system
user0190,|11917c5742f89c5c44403b7318c903601cc71d0f1b3ff1868e41dfc08e69a1c1,User,190,2,0,0,2012-11-04 00:00:00.000000,system,2012-11-04 00:00:00.000000,system
user0191,|11917c5742f89c5c44403b7318c903601cc71d0f1b3ff1868e41dfc08e69a1c1,User,191,1,0,0,2012-11-04 00:00:00.000000,system,2012-11-04 00:00:00.000000,system
user0192,|11917c5742f89c5c44403b7318c903601cc71d0f1b3ff1868e41dfc08e69a1c1,User,192,2,0,0,2012-11-04 00:00:00.000000,system,2012-11-04 00:00:00.000000,system
user0193,|11917c5742f89c5c44403b7318c903601cc71d0f1b3ff1868e41dfc08e69a1c1,User,193,1,0,0,2012-11-04 00:00:00.000000,system,2012-11-04 00:00:00.000000,system
user0194,|11917c5742f89c5c44403b7318c903601cc71d0f1b3ff1868e41dfc08e69a1c1,User,194,2,0,0,2012-11-04 00:00:00.000000,system,2012-11-04 00:00:00.000000,system
user0195,|11917c5742f89c5c44403b7318c903601cc71d0f1b3ff1868e41dfc08e69a1c1,User,195,1,0,0,2012-11-04 00:00:00.000000,system,2012-11-04 00:00:00.000000,system
user0196,|11917c5742f89c5c44403b7318c903601cc71d0f1b3ff1868e41dfc08e69a1c1,User,196,2,0,0,2012-11-04 00:00:00.000000,system,2012-11-04 00:00:00.000000,system
user0197,|11917c5742f89c5c44403b7318c903601cc71d0f1b3ff1868e41dfc08e69a1c1,User,197,1,0,0,2012-11-04 00:00:00.000000,system,2012-11-04 00:00:00.000000,system
user0198,|11917c5742f89c5c44403b7318c903601cc71d0f1b3ff1868e41dfc08e69a1c1,User,198,2,0,0,2012-11-04 00:00:00.000000,system,2012-11-04 00:00:00.000000,system
user0199,|11917c5742f89c5c44403b7318c903601cc71d0f1b3ff1868e41dfc08e69a1c1,User,199,1,0,0,2012-11-04 00:00:00.000000,system,2012-11-04 00:00:00.000000,system
user0200,|11917c5742f89c5c44403b7318c903601cc71d0f1b3ff1868e41dfc08e69a1c1,User,200,2,0,0,2012-11-04 00:00:00.000000,system,2012-11-04 00:00:00.000000,system
